# subj	index_traj	path	conditions	condition	cond_sum	mean_side	mean_val	sd	last_visibl_side	f_missing_pos	last_visibl_center_dist[deg]	response	prop_left	RT_s	exept_prop_left_lv	acc_lv
10	56	iid	LR	different	iid_different	left	-0.974	2.955	right	9	5.179	1	0	0.441	1	0
10	37	iid	LL	same	iid_same	left	-1.988	5.494	left	30	-5.674	1	0	0.625	1	0
10	67	iid	LR	different	iid_different	left	-1.011	3.712	right	14	2.576	-1	1	0.678	1	1
10	79	iid	LR	different	iid_different	left	-2.149	4.637	right	22	6.019	1	0	0.555	1	0
10	80	iid	LR	different	iid_different	left	-1.134	4.973	right	25	3.726	-1	1	0.567	1	1
10	188	iid	RR	same	iid_same	right	2.822	5.379	right	29	8.417	1	0	0.508	0	1
10	183	iid	RR	same	iid_same	right	2.547	5.207	right	27	4.706	1	0	0.386	0	1
10	10	iid	LL	same	iid_same	left	-1.646	3.03	left	9	-6.579	-1	1	0.235	1	1
10	128	iid	RL	different	iid_different	right	0.87	4.088	left	17	-2.599	1	0	0.301	0	1
10	62	iid	LR	different	iid_different	left	-1.05	3.553	right	13	3.169	-1	1	0.201	1	1
10	65	iid	LR	different	iid_different	left	-2.055	3.917	right	16	5.82	1	0	0.416	1	0
10	17	iid	LL	same	iid_same	left	-2.376	3.95	left	16	-7.381	-1	1	0.133	1	1
10	133	iid	RL	different	iid_different	right	1.014	5.344	left	29	-3.279	1	0	0.36	0	1
10	195	iid	RR	same	iid_same	right	0.81	6.405	right	41	10.068	1	0	0.474	0	1
10	146	iid	RL	different	iid_different	right	1.995	6.028	left	36	-3.041	1	0	0.364	0	1
10	38	iid	LL	same	iid_same	left	-2.822	5.379	left	29	-8.417	-1	1	0.264	1	1
10	173	iid	RR	same	iid_same	right	2.217	4.012	right	16	3.328	1	0	0.273	0	1
10	149	iid	RL	different	iid_different	right	1.186	6.295	left	40	-3.668	-1	1	0.61	0	0
10	93	iid	LR	different	iid_different	left	-1.486	6.421	right	41	8.888	1	0	0.371	1	0
10	29	iid	LL	same	iid_same	left	-1.621	4.376	left	19	-14.001	-1	1	0.462	1	1
10	0	iid	LL	same	iid_same	left	-1.672	2.125	left	5	-3.182	-1	1	0.277	1	1
10	2	iid	LL	same	iid_same	left	-2.413	2.537	left	6	-6.728	-1	1	0.144	1	1
10	122	iid	RL	different	iid_different	right	1.283	4.911	left	24	-3.587	1	0	0.384	0	1
10	180	iid	RR	same	iid_same	right	1.432	5.195	right	27	7.161	1	0	0.365	0	1
10	95	iid	LR	different	iid_different	left	-1.969	6.295	right	40	10.722	-1	1	0.766	1	1
10	121	iid	RL	different	iid_different	right	1.764	4.73	left	22	-2.728	1	0	0.34	0	1
10	185	iid	RR	same	iid_same	right	2.32	5.071	right	26	7.877	-1	1	0.533	0	0
10	39	iid	LL	same	iid_same	left	-2.719	5.571	left	31	-10.583	1	0	0.522	1	0
10	66	iid	LR	different	iid_different	left	-2.091	3.596	right	13	5.348	-1	1	0.559	1	1
10	19	iid	LL	same	iid_same	left	-1.394	3.481	left	12	-5.649	-1	1	0.406	1	1
10	11	iid	LL	same	iid_same	left	-1.454	3.202	left	10	-2.972	1	0	0.506	1	0
10	45	iid	LL	same	iid_same	left	-0.81	6.405	left	41	-10.068	-1	1	0.443	1	1
10	41	iid	LL	same	iid_same	left	-2.078	6.196	left	38	-11.804	-1	1	0.456	1	1
10	92	iid	LR	different	iid_different	left	-1.12	6.035	right	36	5.179	-1	1	0.38	1	1
10	168	iid	RR	same	iid_same	right	1.853	3.209	right	10	4.809	1	0	0.07	0	1
10	1	iid	LL	same	iid_same	left	-1.432	2.804	left	8	-3.469	-1	1	0.071	1	1
10	57	iid	LR	different	iid_different	left	-2.189	2.964	right	9	2.592	-1	1	0.265	1	1
10	189	iid	RR	same	iid_same	right	2.719	5.571	right	31	10.583	1	0	0.57	0	1
10	151	iid	RR	same	iid_same	right	1.432	2.804	right	8	3.469	1	0	0.274	0	1
10	167	iid	RR	same	iid_same	right	2.376	3.95	right	16	7.381	1	0	0.414	0	1
10	116	iid	RL	different	iid_different	right	2.091	3.596	left	13	-5.348	-1	1	0.478	0	0
10	138	iid	RL	different	iid_different	right	1.027	5.533	left	31	-3.742	1	0	0.502	0	1
10	155	iid	RR	same	iid_same	right	2.123	2.129	right	5	3.169	1	0	0.376	0	1
10	82	iid	LR	different	iid_different	left	-0.915	5.411	right	29	4.576	1	0	0.39	1	0
10	160	iid	RR	same	iid_same	right	1.646	3.03	right	9	6.579	1	0	0.247	0	1
10	181	iid	RR	same	iid_same	right	2.689	5.667	right	33	13.897	-1	1	0.826	0	0
10	171	iid	RR	same	iid_same	right	2.081	4.839	right	24	11.931	1	0	0.395	0	1
10	12	iid	LL	same	iid_same	left	-1.311	3.437	left	12	-3.281	1	0	0.271	1	0
10	55	iid	LR	different	iid_different	left	-1.076	2.085	right	4	4.474	-1	1	0.521	1	1
10	77	iid	LR	different	iid_different	left	-1.239	4.403	right	19	7.711	-1	1	0.584	1	1
10	22	iid	LL	same	iid_same	left	-1.158	4.684	left	22	-3.138	1	0	0.38	1	0
10	129	iid	RL	different	iid_different	right	2.149	4.637	left	22	-6.019	1	0	0.573	0	1
10	105	iid	RL	different	iid_different	right	1.076	2.085	left	4	-4.474	1	0	0.371	0	1
10	102	iid	RL	different	iid_different	right	1.512	2.3	left	5	-5.012	1	0	0.281	0	1
10	159	iid	RR	same	iid_same	right	1.71	2.788	right	8	5.391	1	0	0.707	0	1
10	9	iid	LL	same	iid_same	left	-1.71	2.788	left	8	-5.391	-1	1	0.462	1	1
10	15	iid	LL	same	iid_same	left	-2.085	3.039	left	9	-3.017	-1	1	0.495	1	1
10	150	iid	RR	same	iid_same	right	1.672	2.125	right	5	3.182	1	0	0.222	0	1
10	76	iid	LR	different	iid_different	left	-1.794	4.732	right	22	6.096	1	0	0.521	1	0
10	119	iid	RL	different	iid_different	right	2.377	3.329	left	11	-2.683	1	0	0.372	0	1
10	71	iid	LR	different	iid_different	left	-1.764	4.73	right	22	2.728	-1	1	0.407	1	1
10	90	iid	LR	different	iid_different	left	-2.17	6.546	right	43	2.644	-1	1	0.774	1	1
10	100	iid	RL	different	iid_different	right	2.251	2.722	left	8	-3.383	1	0	0.311	0	1
10	44	iid	LL	same	iid_same	left	-1.816	6.152	left	38	-4.335	-1	1	0.693	1	1
10	94	iid	LR	different	iid_different	left	-1.676	6.092	right	37	6.022	-1	1	0.676	1	1
10	176	iid	RR	same	iid_same	right	1.929	4.66	right	22	8.105	1	0	0.3	0	1
10	142	iid	RL	different	iid_different	right	1.12	6.035	left	36	-5.179	-1	1	0.38	0	0
10	113	iid	RL	different	iid_different	right	1.892	3.745	left	14	-4.613	1	0	0.294	0	1
10	53	iid	LR	different	iid_different	left	-0.961	2.657	right	7	2.843	-1	1	0.541	1	1
10	20	iid	LL	same	iid_same	left	-2.263	4.205	left	18	-3.056	-1	1	0.361	1	1
10	30	iid	LL	same	iid_same	left	-1.432	5.195	left	27	-7.161	-1	1	0.447	1	1
10	114	iid	RL	different	iid_different	right	1.583	3.228	left	10	-4.674	-1	1	0.74	0	0
10	172	iid	RR	same	iid_same	right	1.158	4.684	right	22	3.138	-1	1	0.537	0	0
10	26	iid	LL	same	iid_same	left	-1.929	4.66	left	22	-8.105	-1	1	0.351	1	1
10	50	iid	LR	different	iid_different	left	-2.251	2.722	right	8	3.383	-1	1	0.283	1	1
10	192	iid	RR	same	iid_same	right	1.954	6.647	right	44	13.663	-1	1	0.679	0	0
10	179	iid	RR	same	iid_same	right	1.621	4.376	right	19	14.001	1	0	0.38	0	1
10	184	iid	RR	same	iid_same	right	2.325	5.238	right	27	4.616	-1	1	0.612	0	0
10	199	iid	RR	same	iid_same	right	1.82	6.317	right	40	5.053	-1	1	0.586	0	0
10	109	iid	RL	different	iid_different	right	1.193	2.511	left	6	-2.767	-1	1	0.411	0	0
10	115	iid	RL	different	iid_different	right	2.055	3.917	left	16	-5.82	-1	1	0.509	0	0
10	98	iid	LR	different	iid_different	left	-0.971	6.212	right	39	8.275	-1	1	0.561	1	1
10	97	iid	LR	different	iid_different	left	-1.346	6.31	right	40	3.058	-1	1	0.73	1	1
10	69	iid	LR	different	iid_different	left	-2.377	3.329	right	11	2.683	-1	1	0.278	1	1
10	161	iid	RR	same	iid_same	right	1.454	3.202	right	10	2.972	1	0	0.268	0	1
10	174	iid	RR	same	iid_same	right	1.157	4.176	right	17	2.95	1	0	0.37	0	1
10	107	iid	RL	different	iid_different	right	2.189	2.964	left	9	-2.592	1	0	0.274	0	1
10	72	iid	LR	different	iid_different	left	-1.283	4.911	right	24	3.587	-1	1	0.524	1	1
10	88	iid	LR	different	iid_different	left	-1.027	5.533	right	31	3.742	-1	1	0.705	1	1
10	130	iid	RL	different	iid_different	right	1.134	4.973	left	25	-3.726	1	0	0.54	0	1
10	96	iid	LR	different	iid_different	left	-1.995	6.028	right	36	3.041	-1	1	0.251	1	1
10	86	iid	LR	different	iid_different	left	-1.405	5.417	right	29	4.991	-1	1	0.475	1	1
10	101	iid	RL	different	iid_different	right	0.806	2.319	left	5	-3.749	1	0	0.532	0	1
10	18	iid	LL	same	iid_same	left	-1.853	3.209	left	10	-4.809	-1	1	0.474	1	1
10	190	iid	RR	same	iid_same	right	2.137	6.102	right	37	2.857	1	0	0.488	0	1
10	164	iid	RR	same	iid_same	right	2.465	3.163	right	10	5.991	1	0	0.282	0	1
10	144	iid	RL	different	iid_different	right	1.676	6.092	left	37	-6.022	1	0	0.569	0	1
10	148	iid	RL	different	iid_different	right	0.971	6.212	left	39	-8.275	1	0	0.676	0	1
10	140	iid	RL	different	iid_different	right	2.17	6.546	left	43	-2.644	1	0	0.313	0	1
10	143	iid	RL	different	iid_different	right	1.486	6.421	left	41	-8.888	1	0	0.661	0	1
10	56	rdw	LR	different	rdw_different	left	-0.974	2.955	right	9	5.179	1	0	0.323	0	1
10	37	rdw	LL	same	rdw_same	left	-1.988	5.494	left	30	-5.674	-1	1	0.397	1	1
10	67	rdw	LR	different	rdw_different	left	-1.011	3.712	right	14	2.576	1	0	0.042	0	1
10	79	rdw	LR	different	rdw_different	left	-2.149	4.637	right	22	6.019	1	0	0.165	0	1
10	80	rdw	LR	different	rdw_different	left	-1.134	4.973	right	25	3.726	1	0	0.04	0	1
10	188	rdw	RR	same	rdw_same	right	2.822	5.379	right	29	8.417	1	0	0.224	0	1
10	183	rdw	RR	same	rdw_same	right	2.547	5.207	right	27	4.706	1	0	0.227	0	1
10	10	rdw	LL	same	rdw_same	left	-1.646	3.03	left	9	-6.579	-1	1	0.205	1	1
10	128	rdw	RL	different	rdw_different	right	0.87	4.088	left	17	-2.599	-1	1	0.493	1	1
10	62	rdw	LR	different	rdw_different	left	-1.05	3.553	right	13	3.169	1	0	0.503	0	1
10	65	rdw	LR	different	rdw_different	left	-2.055	3.917	right	16	5.82	1	0	0.202	0	1
10	17	rdw	LL	same	rdw_same	left	-2.376	3.95	left	16	-7.381	-1	1	0.164	1	1
10	133	rdw	RL	different	rdw_different	right	1.014	5.344	left	29	-3.279	-1	1	0.364	1	1
10	195	rdw	RR	same	rdw_same	right	0.81	6.405	right	41	10.068	1	0	0.486	0	1
10	146	rdw	RL	different	rdw_different	right	1.995	6.028	left	36	-3.041	-1	1	0.31	1	1
10	38	rdw	LL	same	rdw_same	left	-2.822	5.379	left	29	-8.417	-1	1	0.281	1	1
10	173	rdw	RR	same	rdw_same	right	2.217	4.012	right	16	3.328	1	0	0.299	0	1
10	149	rdw	RL	different	rdw_different	right	1.186	6.295	left	40	-3.668	-1	1	0.503	1	1
10	93	rdw	LR	different	rdw_different	left	-1.486	6.421	right	41	8.888	1	0	0.436	0	1
10	29	rdw	LL	same	rdw_same	left	-1.621	4.376	left	19	-14.001	-1	1	0.288	1	1
10	0	rdw	LL	same	rdw_same	left	-1.672	2.125	left	5	-3.182	-1	1	0.235	1	1
10	2	rdw	LL	same	rdw_same	left	-2.413	2.537	left	6	-6.728	-1	1	0.181	1	1
10	122	rdw	RL	different	rdw_different	right	1.283	4.911	left	24	-3.587	-1	1	0.367	1	1
10	180	rdw	RR	same	rdw_same	right	1.432	5.195	right	27	7.161	1	0	0.374	0	1
10	95	rdw	LR	different	rdw_different	left	-1.969	6.295	right	40	10.722	1	0	0.448	0	1
10	121	rdw	RL	different	rdw_different	right	1.764	4.73	left	22	-2.728	-1	1	0.358	1	1
10	185	rdw	RR	same	rdw_same	right	2.32	5.071	right	26	7.877	1	0	0.391	0	1
10	39	rdw	LL	same	rdw_same	left	-2.719	5.571	left	31	-10.583	-1	1	0.36	1	1
10	66	rdw	LR	different	rdw_different	left	-2.091	3.596	right	13	5.348	1	0	0.284	0	1
10	19	rdw	LL	same	rdw_same	left	-1.394	3.481	left	12	-5.649	-1	1	0.266	1	1
10	11	rdw	LL	same	rdw_same	left	-1.454	3.202	left	10	-2.972	-1	1	0.362	1	1
10	45	rdw	LL	same	rdw_same	left	-0.81	6.405	left	41	-10.068	-1	1	0.581	1	1
10	41	rdw	LL	same	rdw_same	left	-2.078	6.196	left	38	-11.804	-1	1	0.438	1	1
10	92	rdw	LR	different	rdw_different	left	-1.12	6.035	right	36	5.179	1	0	0.431	0	1
10	168	rdw	RR	same	rdw_same	right	1.853	3.209	right	10	4.809	1	0	0.193	0	1
10	1	rdw	LL	same	rdw_same	left	-1.432	2.804	left	8	-3.469	-1	1	0.331	1	1
10	57	rdw	LR	different	rdw_different	left	-2.189	2.964	right	9	2.592	1	0	0.296	0	1
10	189	rdw	RR	same	rdw_same	right	2.719	5.571	right	31	10.583	1	0	0.212	0	1
10	151	rdw	RR	same	rdw_same	right	1.432	2.804	right	8	3.469	1	0	0.337	0	1
10	167	rdw	RR	same	rdw_same	right	2.376	3.95	right	16	7.381	1	0	0.392	0	1
10	116	rdw	RL	different	rdw_different	right	2.091	3.596	left	13	-5.348	-1	1	0.28	1	1
10	138	rdw	RL	different	rdw_different	right	1.027	5.533	left	31	-3.742	-1	1	0.576	1	1
10	155	rdw	RR	same	rdw_same	right	2.123	2.129	right	5	3.169	1	0	0.315	0	1
10	82	rdw	LR	different	rdw_different	left	-0.915	5.411	right	29	4.576	1	0	0.478	0	1
10	160	rdw	RR	same	rdw_same	right	1.646	3.03	right	9	6.579	1	0	0.224	0	1
10	181	rdw	RR	same	rdw_same	right	2.689	5.667	right	33	13.897	1	0	0.382	0	1
10	171	rdw	RR	same	rdw_same	right	2.081	4.839	right	24	11.931	1	0	0.388	0	1
10	12	rdw	LL	same	rdw_same	left	-1.311	3.437	left	12	-3.281	-1	1	0.19	1	1
10	55	rdw	LR	different	rdw_different	left	-1.076	2.085	right	4	4.474	1	0	0.514	0	1
10	77	rdw	LR	different	rdw_different	left	-1.239	4.403	right	19	7.711	1	0	0.33	0	1
10	22	rdw	LL	same	rdw_same	left	-1.158	4.684	left	22	-3.138	-1	1	0.687	1	1
10	129	rdw	RL	different	rdw_different	right	2.149	4.637	left	22	-6.019	-1	1	0.221	1	1
10	105	rdw	RL	different	rdw_different	right	1.076	2.085	left	4	-4.474	-1	1	0.472	1	1
10	102	rdw	RL	different	rdw_different	right	1.512	2.3	left	5	-5.012	-1	1	0.41	1	1
10	159	rdw	RR	same	rdw_same	right	1.71	2.788	right	8	5.391	1	0	0.335	0	1
10	9	rdw	LL	same	rdw_same	left	-1.71	2.788	left	8	-5.391	-1	1	0.244	1	1
10	15	rdw	LL	same	rdw_same	left	-2.085	3.039	left	9	-3.017	-1	1	0.367	1	1
10	150	rdw	RR	same	rdw_same	right	1.672	2.125	right	5	3.182	1	0	0.316	0	1
10	76	rdw	LR	different	rdw_different	left	-1.794	4.732	right	22	6.096	1	0	0.321	0	1
10	119	rdw	RL	different	rdw_different	right	2.377	3.329	left	11	-2.683	-1	1	0.455	1	1
10	71	rdw	LR	different	rdw_different	left	-1.764	4.73	right	22	2.728	1	0	0.453	0	1
10	90	rdw	LR	different	rdw_different	left	-2.17	6.546	right	43	2.644	1	0	0.568	0	1
10	100	rdw	RL	different	rdw_different	right	2.251	2.722	left	8	-3.383	-1	1	0.278	1	1
10	44	rdw	LL	same	rdw_same	left	-1.816	6.152	left	38	-4.335	-1	1	0.642	1	1
10	94	rdw	LR	different	rdw_different	left	-1.676	6.092	right	37	6.022	1	0	0.67	0	1
10	176	rdw	RR	same	rdw_same	right	1.929	4.66	right	22	8.105	1	0	0.442	0	1
10	142	rdw	RL	different	rdw_different	right	1.12	6.035	left	36	-5.179	-1	1	0.452	1	1
10	113	rdw	RL	different	rdw_different	right	1.892	3.745	left	14	-4.613	-1	1	0.476	1	1
10	53	rdw	LR	different	rdw_different	left	-0.961	2.657	right	7	2.843	1	0	0.339	0	1
10	20	rdw	LL	same	rdw_same	left	-2.263	4.205	left	18	-3.056	-1	1	0.701	1	1
10	30	rdw	LL	same	rdw_same	left	-1.432	5.195	left	27	-7.161	-1	1	0.353	1	1
10	114	rdw	RL	different	rdw_different	right	1.583	3.228	left	10	-4.674	-1	1	0.265	1	1
10	172	rdw	RR	same	rdw_same	right	1.158	4.684	right	22	3.138	1	0	0.25	0	1
10	26	rdw	LL	same	rdw_same	left	-1.929	4.66	left	22	-8.105	-1	1	0.254	1	1
10	50	rdw	LR	different	rdw_different	left	-2.251	2.722	right	8	3.383	1	0	0.545	0	1
10	192	rdw	RR	same	rdw_same	right	1.954	6.647	right	44	13.663	1	0	0.372	0	1
10	179	rdw	RR	same	rdw_same	right	1.621	4.376	right	19	14.001	1	0	0.298	0	1
10	184	rdw	RR	same	rdw_same	right	2.325	5.238	right	27	4.616	1	0	0.712	0	1
10	199	rdw	RR	same	rdw_same	right	1.82	6.317	right	40	5.053	1	0	0.57	0	1
10	109	rdw	RL	different	rdw_different	right	1.193	2.511	left	6	-2.767	-1	1	0.264	1	1
10	115	rdw	RL	different	rdw_different	right	2.055	3.917	left	16	-5.82	-1	1	0.27	1	1
10	98	rdw	LR	different	rdw_different	left	-0.971	6.212	right	39	8.275	1	0	0.565	0	1
10	97	rdw	LR	different	rdw_different	left	-1.346	6.31	right	40	3.058	1	0	0.276	0	1
10	69	rdw	LR	different	rdw_different	left	-2.377	3.329	right	11	2.683	-1	1	0.096	0	0
10	161	rdw	RR	same	rdw_same	right	1.454	3.202	right	10	2.972	1	0	0.242	0	1
10	174	rdw	RR	same	rdw_same	right	1.157	4.176	right	17	2.95	1	0	0.115	0	1
10	107	rdw	RL	different	rdw_different	right	2.189	2.964	left	9	-2.592	-1	1	0.262	1	1
10	72	rdw	LR	different	rdw_different	left	-1.283	4.911	right	24	3.587	1	0	0.278	0	1
10	88	rdw	LR	different	rdw_different	left	-1.027	5.533	right	31	3.742	1	0	0.245	0	1
10	130	rdw	RL	different	rdw_different	right	1.134	4.973	left	25	-3.726	-1	1	0.372	1	1
10	96	rdw	LR	different	rdw_different	left	-1.995	6.028	right	36	3.041	1	0	0.369	0	1
10	86	rdw	LR	different	rdw_different	left	-1.405	5.417	right	29	4.991	1	0	0.398	0	1
10	101	rdw	RL	different	rdw_different	right	0.806	2.319	left	5	-3.749	-1	1	0.298	1	1
10	18	rdw	LL	same	rdw_same	left	-1.853	3.209	left	10	-4.809	-1	1	0.159	1	1
10	190	rdw	RR	same	rdw_same	right	2.137	6.102	right	37	2.857	1	0	0.387	0	1
10	164	rdw	RR	same	rdw_same	right	2.465	3.163	right	10	5.991	1	0	0.246	0	1
10	144	rdw	RL	different	rdw_different	right	1.676	6.092	left	37	-6.022	-1	1	0.43	1	1
10	148	rdw	RL	different	rdw_different	right	0.971	6.212	left	39	-8.275	-1	1	0.375	1	1
10	140	rdw	RL	different	rdw_different	right	2.17	6.546	left	43	-2.644	-1	1	0.498	1	1
10	143	rdw	RL	different	rdw_different	right	1.486	6.421	left	41	-8.888	-1	1	0.209	1	1
10	169	iid	RR	same	iid_same	right	1.394	3.481	right	12	5.649	1	0	0.589	0	1
10	25	iid	LL	same	iid_same	left	-1.971	4.243	left	18	-3.981	-1	1	0.27	1	1
10	136	iid	RL	different	iid_different	right	1.405	5.417	left	29	-4.991	1	0	0.65	0	1
10	43	iid	LL	same	iid_same	left	-1.762	6.619	left	43	-11.962	-1	1	0.657	1	1
10	137	iid	RL	different	iid_different	right	1.078	5.502	left	30	-5.305	-1	1	0.222	0	0
10	46	iid	LL	same	iid_same	left	-1.185	6.479	left	42	-5.232	-1	1	0.285	1	1
10	4	iid	LL	same	iid_same	left	-2.051	2.291	left	5	-3.295	-1	1	0.337	1	1
10	165	iid	RR	same	iid_same	right	2.085	3.039	right	9	3.017	1	0	0.669	0	1
10	54	iid	LR	different	iid_different	left	-1.113	2.948	right	9	2.555	-1	1	0.301	1	1
10	139	iid	RL	different	iid_different	right	0.999	5.404	left	30	-9.09	-1	1	0.394	0	0
10	186	iid	RR	same	iid_same	right	1.917	5.864	right	35	11.991	1	0	0.573	0	1
10	8	iid	LL	same	iid_same	left	-1.147	2.092	left	4	-3.873	-1	1	0.133	1	1
10	13	iid	LL	same	iid_same	left	-1.629	3.238	left	11	-7.675	-1	1	0.247	1	1
10	5	iid	LL	same	iid_same	left	-2.123	2.129	left	5	-3.169	-1	1	0.117	1	1
10	33	iid	LL	same	iid_same	left	-2.547	5.207	left	27	-4.706	-1	1	0.284	1	1
10	81	iid	LR	different	iid_different	left	-1.773	5.602	right	31	12.73	-1	1	0.745	1	1
10	31	iid	LL	same	iid_same	left	-2.689	5.667	left	33	-13.897	-1	1	0.309	1	1
10	59	iid	LR	different	iid_different	left	-1.193	2.511	right	6	2.767	1	0	0.38	1	0
10	166	iid	RR	same	iid_same	right	1.331	3.134	right	10	7.001	-1	1	0.38	0	0
10	103	iid	RL	different	iid_different	right	0.961	2.657	left	7	-2.843	1	0	0.538	0	1
10	63	iid	LR	different	iid_different	left	-1.892	3.745	right	14	4.613	-1	1	0.519	1	1
10	78	iid	LR	different	iid_different	left	-0.87	4.088	right	17	2.599	-1	1	0.432	1	1
10	108	iid	RL	different	iid_different	right	2.027	2.567	left	7	-4.044	1	0	0.267	0	1
10	124	iid	RL	different	iid_different	right	1.906	4.326	left	19	-4.242	1	0	0.399	0	1
10	194	iid	RR	same	iid_same	right	1.816	6.152	right	38	4.335	1	0	0.465	0	1
10	141	iid	RL	different	iid_different	right	1.575	6.045	left	37	-3.812	-1	1	0.635	0	0
10	197	iid	RR	same	iid_same	right	2.158	6.978	right	49	5.806	1	0	0.598	0	1
10	42	iid	LL	same	iid_same	left	-1.954	6.647	left	44	-13.663	-1	1	0.457	1	1
10	152	iid	RR	same	iid_same	right	2.413	2.537	right	6	6.728	1	0	0.121	0	1
10	126	iid	RL	different	iid_different	right	1.794	4.732	left	22	-6.096	1	0	0.172	0	1
10	40	iid	LL	same	iid_same	left	-2.137	6.102	left	37	-2.857	-1	1	0.338	1	1
10	134	iid	RL	different	iid_different	right	1.581	5.468	left	30	-3.437	1	0	0.331	0	1
10	83	iid	LR	different	iid_different	left	-1.014	5.344	right	29	3.279	-1	1	0.046	1	1
10	14	iid	LL	same	iid_same	left	-2.465	3.163	left	10	-5.991	-1	1	0.38	1	1
10	85	iid	LR	different	iid_different	left	-1.907	4.917	right	24	2.755	-1	1	0.303	1	1
10	175	iid	RR	same	iid_same	right	1.971	4.243	right	18	3.981	1	0	0.493	0	1
10	191	iid	RR	same	iid_same	right	2.078	6.196	right	38	11.804	-1	1	0.777	0	0
10	125	iid	RL	different	iid_different	right	1.007	4.726	left	22	-7.396	-1	1	0.499	0	0
10	6	iid	LL	same	iid_same	left	-2.375	2.81	left	8	-5.006	-1	1	0.199	1	1
10	147	iid	RL	different	iid_different	right	1.346	6.31	left	40	-3.058	-1	1	0.578	0	0
10	24	iid	LL	same	iid_same	left	-1.157	4.176	left	17	-2.95	-1	1	0.212	1	1
10	70	iid	LR	different	iid_different	left	-1.926	4.487	right	20	4.387	-1	1	0.172	1	1
10	182	iid	RR	same	iid_same	right	2.179	5.057	right	26	5.865	1	0	0.238	0	1
10	131	iid	RL	different	iid_different	right	1.773	5.602	left	31	-12.73	1	0	0.514	0	1
10	23	iid	LL	same	iid_same	left	-2.217	4.012	left	16	-3.328	-1	1	0.125	1	1
10	52	iid	LR	different	iid_different	left	-1.512	2.3	right	5	5.012	-1	1	0.163	1	1
10	106	iid	RL	different	iid_different	right	0.974	2.955	left	9	-5.179	1	0	0.152	0	1
10	193	iid	RR	same	iid_same	right	1.762	6.619	right	43	11.962	1	0	0.372	0	1
10	156	iid	RR	same	iid_same	right	2.375	2.81	right	8	5.006	1	0	0.051	0	1
10	99	iid	LR	different	iid_different	left	-1.186	6.295	right	40	3.668	-1	1	0.295	1	1
10	169	rdw	RR	same	rdw_same	right	1.394	3.481	right	12	5.649	1	0	0.27	0	1
10	25	rdw	LL	same	rdw_same	left	-1.971	4.243	left	18	-3.981	-1	1	0.167	1	1
10	136	rdw	RL	different	rdw_different	right	1.405	5.417	left	29	-4.991	-1	1	0.233	1	1
10	43	rdw	LL	same	rdw_same	left	-1.762	6.619	left	43	-11.962	-1	1	0.331	1	1
10	137	rdw	RL	different	rdw_different	right	1.078	5.502	left	30	-5.305	-1	1	0.205	1	1
10	46	rdw	LL	same	rdw_same	left	-1.185	6.479	left	42	-5.232	-1	1	0.323	1	1
10	4	rdw	LL	same	rdw_same	left	-2.051	2.291	left	5	-3.295	-1	1	0.022	1	1
10	165	rdw	RR	same	rdw_same	right	2.085	3.039	right	9	3.017	1	0	0.04	0	1
10	54	rdw	LR	different	rdw_different	left	-1.113	2.948	right	9	2.555	1	0	0.348	0	1
10	139	rdw	RL	different	rdw_different	right	0.999	5.404	left	30	-9.09	-1	1	0.301	1	1
10	186	rdw	RR	same	rdw_same	right	1.917	5.864	right	35	11.991	1	0	0.231	0	1
10	8	rdw	LL	same	rdw_same	left	-1.147	2.092	left	4	-3.873	-1	1	0.323	1	1
10	13	rdw	LL	same	rdw_same	left	-1.629	3.238	left	11	-7.675	-1	1	0.226	1	1
10	5	rdw	LL	same	rdw_same	left	-2.123	2.129	left	5	-3.169	-1	1	0.323	1	1
10	33	rdw	LL	same	rdw_same	left	-2.547	5.207	left	27	-4.706	-1	1	0.286	1	1
10	81	rdw	LR	different	rdw_different	left	-1.773	5.602	right	31	12.73	1	0	0.267	0	1
10	31	rdw	LL	same	rdw_same	left	-2.689	5.667	left	33	-13.897	-1	1	0.28	1	1
10	59	rdw	LR	different	rdw_different	left	-1.193	2.511	right	6	2.767	1	0	0.248	0	1
10	166	rdw	RR	same	rdw_same	right	1.331	3.134	right	10	7.001	1	0	0.323	0	1
10	103	rdw	RL	different	rdw_different	right	0.961	2.657	left	7	-2.843	-1	1	0.269	1	1
10	63	rdw	LR	different	rdw_different	left	-1.892	3.745	right	14	4.613	-1	1	0.199	0	0
10	78	rdw	LR	different	rdw_different	left	-0.87	4.088	right	17	2.599	1	0	0.377	0	1
10	108	rdw	RL	different	rdw_different	right	2.027	2.567	left	7	-4.044	1	0	0.393	1	0
10	124	rdw	RL	different	rdw_different	right	1.906	4.326	left	19	-4.242	-1	1	0.317	1	1
10	194	rdw	RR	same	rdw_same	right	1.816	6.152	right	38	4.335	1	0	0.432	0	1
10	141	rdw	RL	different	rdw_different	right	1.575	6.045	left	37	-3.812	-1	1	0.34	1	1
10	197	rdw	RR	same	rdw_same	right	2.158	6.978	right	49	5.806	1	0	0.516	0	1
10	42	rdw	LL	same	rdw_same	left	-1.954	6.647	left	44	-13.663	-1	1	0.322	1	1
10	152	rdw	RR	same	rdw_same	right	2.413	2.537	right	6	6.728	1	0	0.15	0	1
10	126	rdw	RL	different	rdw_different	right	1.794	4.732	left	22	-6.096	-1	1	0.229	1	1
10	40	rdw	LL	same	rdw_same	left	-2.137	6.102	left	37	-2.857	-1	1	0.347	1	1
10	134	rdw	RL	different	rdw_different	right	1.581	5.468	left	30	-3.437	-1	1	0.479	1	1
10	83	rdw	LR	different	rdw_different	left	-1.014	5.344	right	29	3.279	1	0	0.377	0	1
10	14	rdw	LL	same	rdw_same	left	-2.465	3.163	left	10	-5.991	-1	1	0.323	1	1
10	85	rdw	LR	different	rdw_different	left	-1.907	4.917	right	24	2.755	-1	1	0.586	0	0
10	175	rdw	RR	same	rdw_same	right	1.971	4.243	right	18	3.981	1	0	0.365	0	1
10	191	rdw	RR	same	rdw_same	right	2.078	6.196	right	38	11.804	1	0	0.363	0	1
10	125	rdw	RL	different	rdw_different	right	1.007	4.726	left	22	-7.396	-1	1	0.273	1	1
10	6	rdw	LL	same	rdw_same	left	-2.375	2.81	left	8	-5.006	-1	1	0.364	1	1
10	147	rdw	RL	different	rdw_different	right	1.346	6.31	left	40	-3.058	-1	1	0.494	1	1
10	24	rdw	LL	same	rdw_same	left	-1.157	4.176	left	17	-2.95	-1	1	0.165	1	1
10	70	rdw	LR	different	rdw_different	left	-1.926	4.487	right	20	4.387	1	0	0.329	0	1
10	182	rdw	RR	same	rdw_same	right	2.179	5.057	right	26	5.865	1	0	0.42	0	1
10	131	rdw	RL	different	rdw_different	right	1.773	5.602	left	31	-12.73	-1	1	0.356	1	1
10	23	rdw	LL	same	rdw_same	left	-2.217	4.012	left	16	-3.328	-1	1	0.047	1	1
10	52	rdw	LR	different	rdw_different	left	-1.512	2.3	right	5	5.012	1	0	0.308	0	1
10	106	rdw	RL	different	rdw_different	right	0.974	2.955	left	9	-5.179	1	0	0.323	1	0
10	193	rdw	RR	same	rdw_same	right	1.762	6.619	right	43	11.962	1	0	0.344	0	1
10	156	rdw	RR	same	rdw_same	right	2.375	2.81	right	8	5.006	1	0	0.213	0	1
10	99	rdw	LR	different	rdw_different	left	-1.186	6.295	right	40	3.668	1	0	0.383	0	1
10	163	iid	RR	same	iid_same	right	1.629	3.238	right	11	7.675	1	0	0.6	0	1
10	7	iid	LL	same	iid_same	left	-2.172	2.398	left	6	-6.377	-1	1	0.148	1	1
10	27	iid	LL	same	iid_same	left	-2.389	4.145	left	17	-3.429	-1	1	0.315	1	1
10	74	iid	LR	different	iid_different	left	-1.906	4.326	right	19	4.242	-1	1	0.215	1	1
10	196	iid	RR	same	iid_same	right	1.185	6.479	right	42	5.232	1	0	0.591	0	1
10	154	iid	RR	same	iid_same	right	2.051	2.291	right	5	3.295	1	0	0.076	0	1
10	118	iid	RL	different	iid_different	right	1.071	3.23	left	10	-4.659	1	0	0.38	0	1
10	157	iid	RR	same	iid_same	right	2.172	2.398	right	6	6.377	1	0	0.38	0	1
10	153	iid	RR	same	iid_same	right	1.229	2.32	right	5	4.069	1	0	0.265	0	1
10	3	iid	LL	same	iid_same	left	-1.229	2.32	left	5	-4.069	-1	1	0.229	1	1
10	104	iid	RL	different	iid_different	right	1.113	2.948	left	9	-2.555	1	0	0.278	0	1
10	47	iid	LL	same	iid_same	left	-2.158	6.978	left	49	-5.806	-1	1	0.332	1	1
10	84	iid	LR	different	iid_different	left	-1.581	5.468	right	30	3.437	-1	1	0.366	1	1
10	61	iid	LR	different	iid_different	left	-0.973	3.878	right	15	2.704	-1	1	0.606	1	1
10	135	iid	RL	different	iid_different	right	1.907	4.917	left	24	-2.755	1	0	0.165	0	1
10	170	iid	RR	same	iid_same	right	2.263	4.205	right	18	3.056	1	0	0.065	0	1
10	28	iid	LL	same	iid_same	left	-1.983	4.508	left	20	-4.197	-1	1	0.032	1	1
10	120	iid	RL	different	iid_different	right	1.926	4.487	left	20	-4.387	1	0	0.38	0	1
10	48	iid	LL	same	iid_same	left	-2.101	6.227	left	39	-4.733	-1	1	0.244	1	1
10	162	iid	RR	same	iid_same	right	1.311	3.437	right	12	3.281	1	0	0.073	0	1
10	73	iid	LR	different	iid_different	left	-2.056	4.699	right	22	3.118	-1	1	0.294	1	1
10	112	iid	RL	different	iid_different	right	1.05	3.553	left	13	-3.169	1	0	0.102	0	1
10	60	iid	LR	different	iid_different	left	-0.889	3.379	right	11	3.456	-1	1	0.13	1	1
10	32	iid	LL	same	iid_same	left	-2.179	5.057	left	26	-5.865	-1	1	0.279	1	1
10	177	iid	RR	same	iid_same	right	2.389	4.145	right	17	3.429	1	0	0.085	0	1
10	36	iid	LL	same	iid_same	left	-1.917	5.864	left	35	-11.991	-1	1	0.319	1	1
10	132	iid	RL	different	iid_different	right	0.915	5.411	left	29	-4.576	1	0	0.336	0	1
10	117	iid	RL	different	iid_different	right	1.011	3.712	left	14	-2.576	1	0	0.057	0	1
10	75	iid	LR	different	iid_different	left	-1.007	4.726	right	22	7.396	1	0	0.533	1	0
10	34	iid	LL	same	iid_same	left	-2.325	5.238	left	27	-4.616	1	0	0.457	1	0
10	111	iid	RL	different	iid_different	right	0.973	3.878	left	15	-2.704	1	0	0.269	0	1
10	89	iid	LR	different	iid_different	left	-0.999	5.404	right	30	9.09	1	0	0.47	1	0
10	123	iid	RL	different	iid_different	right	2.056	4.699	left	22	-3.118	1	0	0.273	0	1
10	178	iid	RR	same	iid_same	right	1.983	4.508	right	20	4.197	1	0	0.187	0	1
10	127	iid	RL	different	iid_different	right	1.239	4.403	left	19	-7.711	1	0	0.092	0	1
10	35	iid	LL	same	iid_same	left	-2.32	5.071	left	26	-7.877	-1	1	0.114	1	1
10	198	iid	RR	same	iid_same	right	2.101	6.227	right	39	4.733	1	0	0.325	0	1
10	87	iid	LR	different	iid_different	left	-1.078	5.502	right	30	5.305	-1	1	0.324	1	1
10	158	iid	RR	same	iid_same	right	1.147	2.092	right	4	3.873	1	0	0.094	0	1
10	110	iid	RL	different	iid_different	right	0.889	3.379	left	11	-3.456	1	0	0.435	0	1
10	91	iid	LR	different	iid_different	left	-1.575	6.045	right	37	3.812	1	0	0.483	1	0
10	187	iid	RR	same	iid_same	right	1.988	5.494	right	30	5.674	1	0	0.38	0	1
10	145	iid	RL	different	iid_different	right	1.969	6.295	left	40	-10.722	1	0	0.371	0	1
10	51	iid	LR	different	iid_different	left	-0.806	2.319	right	5	3.749	-1	1	0.123	1	1
10	16	iid	LL	same	iid_same	left	-1.331	3.134	left	10	-7.001	1	0	0.247	1	0
10	58	iid	LR	different	iid_different	left	-2.027	2.567	right	7	4.044	-1	1	0.38	1	1
10	21	iid	LL	same	iid_same	left	-2.081	4.839	left	24	-11.931	-1	1	0.342	1	1
10	49	iid	LL	same	iid_same	left	-1.82	6.317	left	40	-5.053	-1	1	0.399	1	1
10	64	iid	LR	different	iid_different	left	-1.583	3.228	right	10	4.674	-1	1	0.175	1	1
10	68	iid	LR	different	iid_different	left	-1.071	3.23	right	10	4.659	-1	1	0.38	1	1
10	163	rdw	RR	same	rdw_same	right	1.629	3.238	right	11	7.675	1	0	0.462	0	1
10	7	rdw	LL	same	rdw_same	left	-2.172	2.398	left	6	-6.377	-1	1	0.083	1	1
10	27	rdw	LL	same	rdw_same	left	-2.389	4.145	left	17	-3.429	-1	1	0.216	1	1
10	74	rdw	LR	different	rdw_different	left	-1.906	4.326	right	19	4.242	1	0	0.193	0	1
10	196	rdw	RR	same	rdw_same	right	1.185	6.479	right	42	5.232	1	0	0.334	0	1
10	154	rdw	RR	same	rdw_same	right	2.051	2.291	right	5	3.295	1	0	0.08	0	1
10	118	rdw	RL	different	rdw_different	right	1.071	3.23	left	10	-4.659	-1	1	0.12	1	1
10	157	rdw	RR	same	rdw_same	right	2.172	2.398	right	6	6.377	1	0	0.119	0	1
10	153	rdw	RR	same	rdw_same	right	1.229	2.32	right	5	4.069	1	0	0.078	0	1
10	3	rdw	LL	same	rdw_same	left	-1.229	2.32	left	5	-4.069	-1	1	0.323	1	1
10	104	rdw	RL	different	rdw_different	right	1.113	2.948	left	9	-2.555	1	0	0.406	1	0
10	47	rdw	LL	same	rdw_same	left	-2.158	6.978	left	49	-5.806	-1	1	0.59	1	1
10	84	rdw	LR	different	rdw_different	left	-1.581	5.468	right	30	3.437	1	0	0.519	0	1
10	61	rdw	LR	different	rdw_different	left	-0.973	3.878	right	15	2.704	1	0	0.217	0	1
10	135	rdw	RL	different	rdw_different	right	1.907	4.917	left	24	-2.755	1	0	0.439	1	0
10	170	rdw	RR	same	rdw_same	right	2.263	4.205	right	18	3.056	1	0	0.325	0	1
10	28	rdw	LL	same	rdw_same	left	-1.983	4.508	left	20	-4.197	-1	1	0.485	1	1
10	120	rdw	RL	different	rdw_different	right	1.926	4.487	left	20	-4.387	-1	1	0.151	1	1
10	48	rdw	LL	same	rdw_same	left	-2.101	6.227	left	39	-4.733	-1	1	0.402	1	1
10	162	rdw	RR	same	rdw_same	right	1.311	3.437	right	12	3.281	1	0	0.415	0	1
10	73	rdw	LR	different	rdw_different	left	-2.056	4.699	right	22	3.118	-1	1	0.323	0	0
10	112	rdw	RL	different	rdw_different	right	1.05	3.553	left	13	-3.169	-1	1	0.323	1	1
10	60	rdw	LR	different	rdw_different	left	-0.889	3.379	right	11	3.456	1	0	0.323	0	1
10	32	rdw	LL	same	rdw_same	left	-2.179	5.057	left	26	-5.865	-1	1	0.379	1	1
10	177	rdw	RR	same	rdw_same	right	2.389	4.145	right	17	3.429	1	0	0.245	0	1
10	36	rdw	LL	same	rdw_same	left	-1.917	5.864	left	35	-11.991	-1	1	0.266	1	1
10	132	rdw	RL	different	rdw_different	right	0.915	5.411	left	29	-4.576	-1	1	0.329	1	1
10	117	rdw	RL	different	rdw_different	right	1.011	3.712	left	14	-2.576	-1	1	0.14	1	1
10	75	rdw	LR	different	rdw_different	left	-1.007	4.726	right	22	7.396	1	0	0.136	0	1
10	34	rdw	LL	same	rdw_same	left	-2.325	5.238	left	27	-4.616	-1	1	0.356	1	1
10	111	rdw	RL	different	rdw_different	right	0.973	3.878	left	15	-2.704	-1	1	0.169	1	1
10	89	rdw	LR	different	rdw_different	left	-0.999	5.404	right	30	9.09	1	0	0.234	0	1
10	123	rdw	RL	different	rdw_different	right	2.056	4.699	left	22	-3.118	-1	1	0.165	1	1
10	178	rdw	RR	same	rdw_same	right	1.983	4.508	right	20	4.197	1	0	0.175	0	1
10	127	rdw	RL	different	rdw_different	right	1.239	4.403	left	19	-7.711	-1	1	0.045	1	1
10	35	rdw	LL	same	rdw_same	left	-2.32	5.071	left	26	-7.877	-1	1	0.363	1	1
10	198	rdw	RR	same	rdw_same	right	2.101	6.227	right	39	4.733	1	0	0.134	0	1
10	87	rdw	LR	different	rdw_different	left	-1.078	5.502	right	30	5.305	1	0	0.17	0	1
10	158	rdw	RR	same	rdw_same	right	1.147	2.092	right	4	3.873	1	0	0.323	0	1
10	110	rdw	RL	different	rdw_different	right	0.889	3.379	left	11	-3.456	-1	1	0.184	1	1
10	91	rdw	LR	different	rdw_different	left	-1.575	6.045	right	37	3.812	1	0	0.315	0	1
10	187	rdw	RR	same	rdw_same	right	1.988	5.494	right	30	5.674	1	0	0.22	0	1
10	145	rdw	RL	different	rdw_different	right	1.969	6.295	left	40	-10.722	-1	1	0.156	1	1
10	51	rdw	LR	different	rdw_different	left	-0.806	2.319	right	5	3.749	1	0	0.689	0	1
10	16	rdw	LL	same	rdw_same	left	-1.331	3.134	left	10	-7.001	-1	1	0.182	1	1
10	58	rdw	LR	different	rdw_different	left	-2.027	2.567	right	7	4.044	-1	1	0.217	0	0
10	21	rdw	LL	same	rdw_same	left	-2.081	4.839	left	24	-11.931	-1	1	0.205	1	1
10	49	rdw	LL	same	rdw_same	left	-1.82	6.317	left	40	-5.053	-1	1	0.246	1	1
10	64	rdw	LR	different	rdw_different	left	-1.583	3.228	right	10	4.674	1	0	0.107	0	1
10	68	rdw	LR	different	rdw_different	left	-1.071	3.23	right	10	4.659	1	0	0.037	0	1
